{
   "Data timestamp": "20241205_005951",
   "Experiment duration [s]": 946.17,
   "Experiment type": "Trotterization",
   "Trotter order": 1,
   "Backend": {
      "name": "Starmon-5",
      "displayed name": "Starmon-5",
      "type": "hardware",
      "basis_gates": [
         "id",
         "rx",
         "ry",
         "rz",
         "x",
         "y",
         "z",
         "t",
         "tdg",
         "s",
         "sdg",
         "cz"
      ],
      "experiment_shots": 16384,
      "initial_layout": [
         2,
         4
      ]
   },
   "Lattice map": [
      [
         1,
         1
      ]
   ],
   "Hamiltonian": {
      "XX": {
         "coefficient": {
            "real": 10000000.0,
            "imag": 0.0
         }
      },
      "YY": {
         "coefficient": {
            "real": 10000000.0,
            "imag": 0.0
         }
      },
      "ZZ": {
         "coefficient": {
            "real": 10000000.0,
            "imag": 0.0
         }
      }
   },
   "Initial state": [
      "0",
      "1"
   ],
   "Raw data": {
      "Times [s]": [
         0.0,
         5.817764173314432e-09,
         1.1635528346628864e-08,
         1.7453292519943295e-08,
         2.3271056693257727e-08,
         2.908882086657216e-08,
         3.490658503988659e-08,
         4.072434921320102e-08,
         4.6542113386515454e-08,
         5.235987755982989e-08,
         5.817764173314432e-08,
         6.399540590645875e-08,
         6.981317007977318e-08,
         7.563093425308762e-08,
         8.144869842640204e-08,
         8.726646259971648e-08,
         9.308422677303091e-08,
         9.890199094634533e-08,
         1.0471975511965977e-07,
         1.105375192929742e-07,
         1.1635528346628864e-07,
         1.2217304763960308e-07,
         1.279908118129175e-07,
         1.3380857598623193e-07,
         1.3962634015954636e-07,
         1.4544410433286078e-07,
         1.5126186850617524e-07,
         1.5707963267948966e-07
      ]
   },
   "Processed data": {
      "Observables": {
         "IZ": [
            0.99993896484375,
            0.9234619140625,
            0.8486328125,
            0.7427978515625,
            0.5777587890625,
            0.38690185546875,
            0.20697021484375,
            -0.01629638671875,
            -0.233154296875,
            -0.44207763671875,
            -0.62689208984375,
            -0.77655029296875,
            -0.8935546875,
            -0.9813232421875,
            -0.98529052734375,
            -0.9022216796875,
            -0.77642822265625,
            -0.616943359375,
            -0.4449462890625,
            -0.24462890625,
            -0.02001953125,
            0.17681884765625,
            0.402587890625,
            0.5823974609375,
            0.7425537109375,
            0.8480224609375,
            0.91552734375,
            0.99993896484375
         ],
         "ZI": [
            -0.96942138671875,
            -0.910400390625,
            -0.8203125,
            -0.728271484375,
            -0.58984375,
            -0.41387939453125,
            -0.23931884765625,
            -0.01751708984375,
            0.2069091796875,
            0.41326904296875,
            0.59796142578125,
            0.75238037109375,
            0.8658447265625,
            0.9476318359375,
            0.92364501953125,
            0.847412109375,
            0.72344970703125,
            0.572265625,
            0.396484375,
            0.2001953125,
            -0.0201416015625,
            -0.21490478515625,
            -0.42919921875,
            -0.5966796875,
            -0.7362060546875,
            -0.8416748046875,
            -0.89697265625,
            -0.97161865234375
         ]
      }
   }
}